id,gender,birth_date
1,Female,08/30/2017
2,Male,10/16/2017
3,Female,02/27/2017
4,Male,08/08/2017
5,Female,11/30/2017
6,Male,08/20/2017
7,Male,09/10/2017
8,Male,04/20/2017
9,,
10,,
11,Female,11/28/2017
12,Female,01/31/2017
13,Male,01/01/2017
14,Female,07/09/2017
15,Female,10/10/2017
16,,
17,Female,04/06/2017
18,Female,01/23/2017
19,Male,01/04/2017
20,Female,10/14/2017
21,Male,03/25/2017
22,Male,12/05/2017
23,,
24,Male,08/06/2017
25,Female,06/29/2017
26,Male,10/07/2017
27,Female,09/22/2017
28,Male,07/23/2017
29,Female,05/05/2017
30,Female,03/01/2017
31,Male,09/22/2017
32,,
33,Male,09/30/2017
34,Male,10/12/2017
35,Male,10/18/2017
36,Male,12/20/2017
37,,
38,Female,11/04/2017
39,Female,05/06/2017
40,Male,11/30/2017
41,Female,07/30/2017
42,Female,09/23/2017
43,,
44,,
45,Female,02/03/2017
46,Female,10/18/2017
47,Female,07/24/2017
48,Female,12/13/2017
49,Male,12/19/2017
50,,
51,Female,02/11/2017
52,Female,01/09/2017
53,Male,08/28/2017
54,Male,06/25/2017
55,,
56,,
57,Male,08/28/2017
58,Female,07/01/2017
59,Female,10/31/2017
60,Male,03/20/2017
61,Female,06/17/2017
62,,
63,Female,02/05/2017
64,Female,01/25/2017
65,Female,11/11/2017
66,,
67,Male,06/29/2017
68,Female,05/10/2017
69,Male,06/10/2017
70,Female,02/15/2017
71,Female,01/01/2017
72,Male,11/02/2017
73,,
74,,
75,Female,11/14/2017
76,Female,05/10/2017
77,Male,02/02/2017
78,Male,07/05/2017
79,Female,06/20/2017
80,Female,12/03/2017
81,Male,03/09/2017
82,Male,08/13/2017
83,Male,03/21/2017
84,Female,12/29/2017
85,Female,06/30/2017
86,Male,11/21/2017
87,,
88,Female,01/07/2017
89,,
90,,
91,Male,06/30/2017
92,Female,05/23/2017
93,Male,02/09/2017
94,Male,06/09/2017
95,,
96,,
97,Female,08/17/2017
98,,
99,Male,10/19/2017
100,,
101,Male,01/30/2017
102,,
103,Female,05/25/2017
104,,
105,Male,05/28/2017
106,Female,10/15/2017
107,Female,11/24/2017
108,Male,09/02/2017
109,Female,11/22/2017
110,Female,12/22/2017
111,Male,02/20/2017
112,Male,01/20/2017
113,Male,12/28/2017
114,Female,01/27/2017
115,Male,02/20/2017
116,Male,02/19/2017
117,,
118,Female,01/28/2017
119,,
120,,
121,Male,07/08/2017
122,Female,05/01/2017
123,Male,01/19/2017
124,,
125,Female,04/05/2017
126,Female,10/03/2017
127,Male,11/20/2017
128,Male,01/31/2017
129,,
130,Female,04/06/2017
131,,
132,Male,10/26/2017
133,,
134,,
135,Female,05/12/2017
136,Female,03/25/2017
137,Male,09/17/2017
138,Male,08/26/2017
139,Male,02/22/2017
140,Male,10/18/2017
141,Male,12/03/2017
142,Male,06/16/2017
143,Female,01/10/2017
144,Female,08/07/2017
145,Male,03/09/2017
146,Male,04/18/2017
147,Female,08/09/2017
148,Female,09/17/2017
149,Male,07/27/2017
150,Male,11/26/2017
151,Female,10/30/2017
152,,
153,Male,05/12/2017
154,Male,02/24/2017
155,,
156,Male,01/23/2017
157,Female,05/19/2017
158,Female,12/30/2017
159,Female,11/19/2017
160,Male,03/01/2017
161,Female,09/29/2017
162,,
163,Female,06/08/2017
164,Male,01/03/2017
165,,
166,,
167,Female,01/06/2017
168,,
169,Female,12/17/2017
170,Male,09/13/2017
171,Female,04/10/2017
172,Male,07/24/2017
173,,
174,Female,07/30/2017
175,Female,09/18/2017
176,Female,02/21/2017
177,Female,06/02/2017
178,Female,03/03/2017
179,Female,11/05/2017
180,Female,05/10/2017
181,Female,03/01/2017
182,Female,05/10/2017
183,,
184,Male,11/01/2017
185,,
186,Female,08/25/2017
187,Female,12/08/2017
188,Male,02/27/2017
189,,
190,Female,06/07/2017
191,Male,10/31/2017
192,,
193,Male,02/21/2017
194,Female,09/11/2017
195,Male,04/30/2017
196,Female,06/13/2017
197,Male,08/16/2017
198,Female,12/16/2017
199,Female,05/22/2017
200,,
201,,
202,,
203,Female,04/03/2017
204,Male,02/06/2017
205,Male,07/08/2017
206,Female,10/28/2017
207,Female,07/05/2017
208,Male,11/18/2017
209,Male,10/30/2017
210,Male,08/11/2017
211,Female,07/13/2017
212,Male,06/22/2017
213,Female,10/21/2017
214,,
215,Male,10/15/2017
216,,
217,Male,05/29/2017
218,Male,08/06/2017
219,Female,12/19/2017
220,Female,08/09/2017
221,Female,01/10/2017
222,Male,04/26/2017
223,Female,05/27/2017
224,Female,11/16/2017
225,Male,12/28/2017
226,Male,02/03/2017
227,Female,10/12/2017
228,Male,12/14/2017
229,Male,07/18/2017
230,Female,01/26/2017
231,Female,03/25/2017
232,Female,02/12/2017
233,Male,11/26/2017
234,Female,11/30/2017
235,Female,06/27/2017
236,Male,04/10/2017
237,Male,11/28/2017
238,Female,06/01/2017
239,Female,08/07/2017
240,,
241,Female,10/31/2017
242,Female,03/12/2017
243,Male,10/19/2017
244,,
245,Female,11/21/2017
246,Male,09/26/2017
247,Male,05/05/2017
248,,
249,,
250,Male,12/07/2017
251,Male,12/07/2017
252,Female,03/28/2017
253,Female,04/10/2017
254,Female,05/23/2017
255,Male,11/15/2017
256,Male,03/20/2017
257,Male,08/23/2017
258,Female,10/04/2017
259,Female,12/08/2017
260,Female,10/27/2017
261,,
262,,
263,Female,11/09/2017
264,Male,01/19/2017
265,Female,01/07/2017
266,Female,06/13/2017
267,,
268,Male,02/09/2017
269,Female,06/04/2017
270,Female,01/22/2017
271,Female,11/24/2017
272,,
273,Female,05/20/2017
274,Male,08/05/2017
275,,
276,Female,11/15/2017
277,Female,01/02/2017
278,Male,01/28/2017
279,Male,06/16/2017
280,Male,03/17/2017
281,,
282,Male,01/06/2017
283,Female,08/10/2017
284,,
285,Male,12/15/2017
286,Female,03/29/2017
287,Female,12/08/2017
288,Female,11/10/2017
289,Female,04/18/2017
290,Male,08/02/2017
291,Female,03/10/2017
292,Male,07/31/2017
293,Male,05/22/2017
294,Female,12/09/2017
295,Female,03/07/2017
296,Female,11/07/2017
297,Female,08/05/2017
298,Male,09/08/2017
299,Male,12/13/2017
300,Male,05/22/2017
301,Male,08/14/2017
302,Female,06/17/2017
303,Male,08/30/2017
304,Male,09/17/2017
305,Male,12/23/2017
306,Male,02/25/2017
307,Male,11/05/2017
308,,
309,,
310,Male,12/13/2017
311,Female,04/18/2017
312,,
313,,
314,Male,09/02/2017
315,,
316,Male,06/14/2017
317,Male,07/14/2017
318,Male,06/18/2017
319,,
320,Female,06/08/2017
321,Female,03/02/2017
322,Female,07/25/2017
323,Female,07/22/2017
324,Female,07/18/2017
325,Male,09/21/2017
326,,
327,Male,08/21/2017
328,Female,05/07/2017
329,,
330,Male,10/14/2017
331,,
332,Male,01/28/2017
333,Female,09/19/2017
334,,
335,,
336,Male,05/26/2017
337,Male,04/03/2017
338,,
339,Male,04/04/2017
340,Female,12/12/2017
341,Female,12/30/2017
342,Male,05/22/2017
343,,
344,Female,01/27/2017
345,Female,05/04/2017
346,Female,01/16/2017
347,Male,11/26/2017
348,Male,04/12/2017
349,Female,08/05/2017
350,,
351,Male,10/04/2017
352,,
353,Male,05/24/2017
354,Female,12/14/2017
355,Male,08/12/2017
356,Female,07/18/2017
357,Male,11/30/2017
358,Male,03/20/2017
359,,
360,Male,05/03/2017
361,Female,01/23/2017
362,Female,10/28/2017
363,Female,02/22/2017
364,,
365,,
366,Female,02/16/2017
367,Male,07/20/2017
368,,
369,Male,12/13/2017
370,,
371,Male,12/16/2017
372,,
373,,
374,Female,08/01/2017
375,Female,12/09/2017
376,Male,02/14/2017
377,Male,01/18/2017
378,Male,11/08/2017
379,Male,03/26/2017
380,,
381,,
382,,
383,,
384,Male,11/18/2017
385,Male,10/08/2017
386,,
387,,
388,Male,04/05/2017
389,,
390,Male,09/14/2017
391,Female,01/16/2017
392,Male,07/30/2017
393,Male,10/02/2017
394,Female,07/30/2017
395,Male,12/06/2017
396,Female,05/20/2017
397,,
398,Female,05/21/2017
399,Female,11/06/2017
400,Female,01/19/2017
401,Female,01/06/2017
402,Male,10/15/2017
403,,
404,,
405,Male,05/04/2017
406,Female,02/23/2017
407,Male,12/08/2017
408,Male,12/04/2017
409,Female,09/18/2017
410,Female,02/18/2017
411,Male,03/10/2017
412,Male,08/27/2017
413,Male,04/15/2017
414,Male,07/02/2017
415,Male,05/14/2017
416,Female,05/26/2017
417,Male,10/03/2017
418,Female,02/07/2017
419,Male,06/04/2017
420,Female,10/01/2017
421,Male,09/26/2017
422,Male,09/28/2017
423,,
424,Female,09/21/2017
425,,
426,Female,02/28/2017
427,Female,01/06/2017
428,Male,08/12/2017
429,Male,10/21/2017
430,,
431,,
432,Male,12/06/2017
433,Female,09/05/2017
434,Female,07/23/2017
435,Female,01/29/2017
436,Female,01/16/2017
437,Male,12/15/2017
438,Female,02/03/2017
439,Male,12/13/2017
440,Female,06/15/2017
441,,
442,,
443,Female,02/06/2017
444,Male,11/20/2017
445,,
446,,
447,,
448,Female,03/03/2017
449,Female,01/31/2017
450,,
451,Female,07/14/2017
452,Male,10/17/2017
453,Male,06/25/2017
454,,
455,Male,02/05/2017
456,,
457,Female,12/16/2017
458,Female,01/22/2017
459,Male,08/10/2017
460,,
461,Male,07/16/2017
462,Female,02/10/2017
463,Female,11/20/2017
464,Female,11/23/2017
465,Male,06/04/2017
466,Female,01/04/2017
467,Female,05/26/2017
468,Female,06/09/2017
469,Male,09/12/2017
470,Male,08/11/2017
471,,
472,Female,11/30/2017
473,Male,11/02/2017
474,Male,01/07/2017
475,Female,03/09/2017
476,,
477,Male,01/28/2017
478,Male,03/17/2017
479,,
480,Male,05/11/2017
481,Male,12/26/2017
482,Male,12/24/2017
483,Male,11/09/2017
484,Female,10/11/2017
485,Male,10/16/2017
486,Male,04/23/2017
487,,
488,,
489,Female,12/20/2017
490,Female,06/06/2017
491,Male,05/04/2017
492,Female,11/04/2017
493,Female,06/28/2017
494,Male,10/16/2017
495,Male,07/02/2017
496,Male,11/01/2017
497,Male,06/05/2017
498,Male,04/13/2017
499,,
500,,
501,Male,02/26/2017
502,Male,11/17/2017
503,,
504,Male,08/19/2017
505,Male,05/10/2017
506,Male,08/16/2017
507,Female,06/02/2017
508,Female,07/27/2017
509,Female,08/25/2017
510,,
511,Male,10/17/2017
512,Female,07/30/2017
513,Female,10/10/2017
514,Male,07/30/2017
515,Male,09/10/2017
516,Male,08/08/2017
517,,
518,Female,11/24/2017
519,Female,12/10/2017
520,,
521,Male,03/19/2017
522,Male,04/06/2017
523,Male,02/22/2017
524,Female,09/15/2017
525,Female,11/24/2017
526,Male,08/06/2017
527,Male,03/11/2017
528,Female,06/29/2017
529,Female,03/13/2017
530,Female,06/25/2017
531,Male,02/26/2017
532,Male,10/30/2017
533,,
534,,
535,Male,08/30/2017
536,Female,03/03/2017
537,Male,09/05/2017
538,,
539,Male,03/31/2017
540,Female,03/02/2017
541,Male,04/12/2017
542,Female,05/21/2017
543,Male,11/11/2017
544,Male,11/16/2017
545,Male,08/22/2017
546,,
547,Male,12/12/2017
548,Male,12/21/2017
549,Male,04/22/2017
550,Male,03/21/2017
551,Male,04/29/2017
552,Male,08/23/2017
553,Male,12/22/2017
554,Male,11/25/2017
555,Female,08/05/2017
556,Male,06/20/2017
557,Male,08/16/2017
558,Female,10/11/2017
559,Male,10/31/2017
560,Female,05/15/2017
561,,
562,Male,02/28/2017
563,Female,05/21/2017
564,,
565,Male,12/03/2017
566,Female,05/08/2017
567,Female,05/01/2017
568,,
569,Female,12/31/2017
570,Male,03/30/2017
571,Female,12/26/2017
572,Male,01/30/2017
573,Male,09/30/2017
574,Male,07/01/2017
575,,
576,Female,11/19/2017
577,Male,09/19/2017
578,Male,07/21/2017
579,,
580,Male,06/29/2017
581,Female,12/26/2017
582,Female,10/18/2017
583,Male,11/12/2017
584,Male,03/08/2017
585,,
586,,
587,Male,08/21/2017
588,Male,02/07/2017
589,Male,06/21/2017
590,Female,06/14/2017
591,Male,05/21/2017
592,,
593,Female,09/04/2017
594,Male,05/30/2017
595,,
596,,
597,Male,10/31/2017
598,Female,05/30/2017
599,Male,08/28/2017
600,Male,10/10/2017
601,Female,05/06/2017
602,Female,12/01/2017
603,Female,01/23/2017
604,Female,01/10/2017
605,Female,09/07/2017
606,,
607,Female,04/14/2017
608,Female,01/19/2017
609,Female,09/21/2017
610,,
611,Male,01/25/2017
612,,
613,Male,03/14/2017
614,Female,03/29/2017
615,Female,07/04/2017
616,Male,09/08/2017
617,,
618,Female,12/24/2017
619,,
620,Female,02/07/2017
621,,
622,Male,04/26/2017
623,,
624,,
625,Female,05/27/2017
626,Female,01/13/2017
627,,
628,Male,09/29/2017
629,Male,03/26/2017
630,Male,03/04/2017
631,Male,03/29/2017
632,Male,11/20/2017
633,Female,04/06/2017
634,Female,05/22/2017
635,Female,10/30/2017
636,,
637,Male,06/07/2017
638,Male,01/20/2017
639,,
640,Female,12/10/2017
641,Male,12/05/2017
642,Female,06/15/2017
643,,
644,Female,04/01/2017
645,Female,09/08/2017
646,,
647,,
648,Male,04/21/2017
649,Male,03/24/2017
650,Female,04/13/2017
651,Female,06/07/2017
652,Male,08/12/2017
653,Male,11/01/2017
654,Female,03/29/2017
655,,
656,Female,02/26/2017
657,Male,11/13/2017
658,Female,07/31/2017
659,,
660,Male,03/10/2017
661,Male,09/03/2017
662,,
663,Female,08/21/2017
664,Male,06/03/2017
665,Female,03/03/2017
666,Male,06/26/2017
667,Male,05/26/2017
668,Female,04/09/2017
669,Male,03/10/2017
670,Male,05/22/2017
671,,
672,Male,06/21/2017
673,Female,05/20/2017
674,,
675,Male,10/09/2017
676,Female,06/13/2017
677,Male,02/02/2017
678,Male,03/03/2017
679,Male,12/06/2017
680,,
681,,
682,,
683,Male,12/22/2017
684,Male,02/23/2017
685,,
686,,
687,Male,03/25/2017
688,Male,05/19/2017
689,Female,07/17/2017
690,Female,06/12/2017
691,Male,05/21/2017
692,Female,09/27/2017
693,Male,12/25/2017
694,Male,05/09/2017
695,Male,11/17/2017
696,Male,03/01/2017
697,,
698,Female,01/01/2017
699,Female,01/23/2017
700,Male,03/28/2017
701,Female,09/16/2017
702,Male,11/28/2017
703,Male,10/13/2017
704,Male,09/03/2017
705,Female,10/16/2017
706,Male,09/21/2017
707,,
708,,
709,Male,09/03/2017
710,Female,08/13/2017
711,,
712,Female,03/09/2017
713,Female,10/22/2017
714,Female,08/22/2017
715,Male,03/24/2017
716,Female,11/05/2017
717,Male,08/05/2017
718,Female,06/16/2017
719,Male,06/25/2017
720,Male,10/18/2017
721,Female,11/07/2017
722,Male,03/14/2017
723,Female,04/13/2017
724,Female,11/17/2017
725,,
726,Female,07/01/2017
727,,
728,Male,10/22/2017
729,,
730,Female,03/19/2017
731,Female,09/27/2017
732,Male,01/24/2017
733,Male,02/07/2017
734,Female,03/27/2017
735,Male,05/11/2017
736,Male,03/13/2017
737,Male,06/13/2017
738,,
739,Male,07/03/2017
740,,
741,Female,12/23/2017
742,Male,10/22/2017
743,Male,09/29/2017
744,Female,12/08/2017
745,Male,06/30/2017
746,Female,07/30/2017
747,Male,04/07/2017
748,Male,03/25/2017
749,,
750,Female,09/13/2017
751,Female,01/13/2017
752,,
753,,
754,Male,07/06/2017
755,,
756,Female,10/16/2017
757,Male,03/24/2017
758,Male,08/08/2017
759,Male,05/28/2017
760,Male,01/09/2017
761,Male,12/22/2017
762,Male,10/21/2017
763,,
764,Male,08/12/2017
765,Male,08/20/2017
766,Female,11/07/2017
767,Male,04/15/2017
768,Female,11/20/2017
769,Male,07/08/2017
770,,
771,Male,08/28/2017
772,Male,04/18/2017
773,Female,06/29/2017
774,Male,04/03/2017
775,Male,08/14/2017
776,Female,07/10/2017
777,,
778,Female,09/28/2017
779,Male,10/18/2017
780,,
781,Male,06/19/2017
782,Female,06/02/2017
783,Male,03/19/2017
784,Male,05/29/2017
785,Male,10/15/2017
786,Female,03/03/2017
787,Male,11/19/2017
788,,
789,,
790,Male,07/11/2017
791,Female,09/08/2017
792,Female,12/28/2017
793,Female,08/24/2017
794,Male,11/12/2017
795,,
796,,
797,Female,05/19/2017
798,Male,12/19/2017
799,Female,03/12/2017
800,Female,10/09/2017
801,Male,12/21/2017
802,Female,07/27/2017
803,,
804,Female,07/06/2017
805,Male,10/11/2017
806,Female,08/06/2017
807,Male,07/16/2017
808,Male,11/25/2017
809,Female,05/14/2017
810,Female,12/15/2017
811,Female,05/18/2017
812,Male,02/04/2017
813,Male,06/09/2017
814,,
815,Female,06/11/2017
816,,
817,Female,06/10/2017
818,Male,04/08/2017
819,,
820,Female,12/11/2017
821,Male,02/01/2017
822,Male,04/12/2017
823,Female,01/26/2017
824,Female,09/12/2017
825,Male,02/06/2017
826,Male,05/31/2017
827,Female,02/03/2017
828,,
829,Female,09/08/2017
830,Female,09/09/2017
831,Male,12/23/2017
832,Female,09/17/2017
833,,
834,Male,10/20/2017
835,,
836,Male,09/13/2017
837,Male,12/24/2017
838,Female,04/01/2017
839,Male,07/25/2017
840,Male,12/19/2017
841,,
842,Female,07/18/2017
843,,
844,Male,10/10/2017
845,Female,01/19/2017
846,Female,11/21/2017
847,Male,07/14/2017
848,Male,12/22/2017
849,,
850,Female,09/09/2017
851,Female,03/28/2017
852,Male,04/10/2017
853,Female,11/12/2017
854,Female,07/20/2017
855,Male,12/25/2017
856,,
857,Male,03/15/2017
858,Female,02/05/2017
859,Male,01/20/2017
860,Male,05/25/2017
861,Male,05/01/2017
862,Female,06/28/2017
863,Male,01/13/2017
864,Female,08/07/2017
865,Female,02/12/2017
866,Male,09/01/2017
867,Male,08/13/2017
868,Female,01/15/2017
869,Male,01/07/2017
870,Female,09/11/2017
871,Female,08/21/2017
872,Male,11/01/2017
873,,
874,,
875,Female,12/14/2017
876,Female,02/08/2017
877,,
878,Male,06/18/2017
879,Female,11/15/2017
880,Female,03/20/2017
881,Female,09/19/2017
882,Male,07/01/2017
883,Male,05/24/2017
884,,
885,Female,04/12/2017
886,Female,01/01/2017
887,,
888,Female,05/21/2017
889,,
890,,
891,Female,08/17/2017
892,Female,09/11/2017
893,Female,06/12/2017
894,Female,08/29/2017
895,Male,10/01/2017
896,Female,12/09/2017
897,,
898,Female,04/19/2017
899,Female,01/30/2017
900,Male,12/06/2017
901,Female,04/30/2017
902,Female,04/15/2017
903,Male,04/17/2017
904,Male,07/17/2017
905,Male,03/22/2017
906,Male,09/13/2017
907,Male,05/24/2017
908,,
909,Male,01/18/2017
910,Male,08/19/2017
911,,
912,Female,05/26/2017
913,Male,08/27/2017
914,,
915,Male,08/05/2017
916,Female,02/07/2017
917,Male,08/02/2017
918,Female,05/21/2017
919,Female,07/16/2017
920,Female,06/15/2017
921,,
922,,
923,Female,10/22/2017
924,Female,02/05/2017
925,Female,03/13/2017
926,Male,09/16/2017
927,Male,12/27/2017
928,Male,12/27/2017
929,Male,06/17/2017
930,Female,06/02/2017
931,Female,11/15/2017
932,Female,02/22/2017
933,Female,12/18/2017
934,,
935,,
936,Female,05/18/2017
937,Male,08/11/2017
938,,
939,Male,04/21/2017
940,Female,11/17/2017
941,Female,10/20/2017
942,Male,03/07/2017
943,Female,12/26/2017
944,,
945,,
946,Male,07/29/2017
947,Male,04/29/2017
948,Male,09/12/2017
949,,
950,Male,12/29/2017
951,,
952,,
953,Female,03/18/2017
954,Female,10/03/2017
955,Male,10/26/2017
956,Male,06/06/2017
957,Male,08/03/2017
958,Male,07/15/2017
959,Male,01/04/2017
960,,
961,Female,07/07/2017
962,Male,07/27/2017
963,Female,05/02/2017
964,Female,05/04/2017
965,Female,07/24/2017
966,Female,05/17/2017
967,Male,12/26/2017
968,Female,11/27/2017
969,Female,02/21/2017
970,Male,12/07/2017
971,Male,06/25/2017
972,Female,05/10/2017
973,Male,09/06/2017
974,Female,10/27/2017
975,Male,10/24/2017
976,Female,03/05/2017
977,Male,06/05/2017
978,,
979,,
980,Female,12/04/2017
981,Male,08/10/2017
982,,
983,Female,09/11/2017
984,,
985,,
986,Female,11/01/2017
987,,
988,,
989,Female,10/14/2017
990,,
991,,
992,,
993,Female,05/19/2017
994,Male,02/10/2017
995,Male,10/17/2017
996,Female,09/17/2017
997,Male,04/06/2017
998,Female,01/09/2017
999,Female,11/14/2017
1000,Male,11/19/2017
